name,displayName,types,layout,manaCost,manaValue,family,supportLevel,mechanics,targetMin,targetMax,targetZones,registeredActivatedAbilities,registeredTriggeredAbilities,cpuCast,cpuResolve,cpuTargetPlan,cpuActivatedPath,cpuPhasePath,legacyChecklistCount,nonblocking,notes
Daze,目くらまし,Instant,normal,1U,2,soft_counter,exact,counter|bounce,1,1,stack,0,0,yes,yes,yes,none,none,1,yes,legacy checklist is bypassed for CPU by v9 nonblocking resolver
Fury,激情,Creature,normal,3RR,5,fury,exact,damage|exile|sacrifice|doubleStrike,0,1,battlefield,0,2,yes,yes,yes,none,registered-bounded,1,yes,legacy checklist is bypassed for CPU by v9 nonblocking resolver
Thud,ドスン,Sorcery,normal,R,1,thud,exact,damage|sacrifice,1,1,battlefield,0,0,yes,yes,yes,none,none,5,yes,legacy checklist is bypassed for CPU by v9 nonblocking resolver
Bayou,Bayou,Land,normal,,0,dual_land,exact,mana,0,1,battlefield,1,0,yes,yes,yes,mana-core,none,0,yes,
Choke,窒息,Enchantment,normal,2G,3,choke,bounded,tap|untap,0,1,battlefield,0,0,yes,yes,yes,none,none,1,yes,rare interactions/continuous layers/hidden choices are conservatively approximated; legacy checklist is bypassed for CPU by v9 nonblocking resolver
Swamp,沼,Land,normal,,0,basic_land,exact,mana,0,1,battlefield,1,0,yes,yes,yes,mana-core,none,0,yes,
Taiga,Taiga,Land,normal,,0,dual_land,exact,mana,0,1,battlefield,1,0,yes,yes,yes,mana-core,none,0,yes,
Abrade,削剥,Instant,normal,1R,2,modal_abrade,exact,damage|destroy,1,1,battlefield,0,0,yes,yes,yes,none,none,1,yes,legacy checklist is bypassed for CPU by v9 nonblocking resolver
Duress,強迫,Sorcery,normal,B,1,hand_discard,exact,discard|reveal,1,1,battlefield,0,0,yes,yes,yes,none,none,3,yes,legacy checklist is bypassed for CPU by v9 nonblocking resolver
Forest,森,Land,normal,,0,basic_land,exact,mana,0,1,battlefield,1,0,yes,yes,yes,mana-core,none,0,yes,
Island,島,Land,normal,,0,basic_land,exact,mana,0,1,battlefield,1,0,yes,yes,yes,mana-core,none,0,yes,
Plains,平地,Land,normal,,0,basic_land,exact,mana,0,1,battlefield,1,0,yes,yes,yes,mana-core,none,0,yes,
Ponder,思案,Sorcery,normal,U,1,ponder,exact,draw,0,1,battlefield,0,0,yes,yes,yes,none,none,3,yes,legacy checklist is bypassed for CPU by v9 nonblocking resolver
Berserk,狂暴化,Instant,normal,G,1,berserk,exact,damage|destroy|trample,1,1,battlefield,0,1,yes,yes,yes,none,direct-v9,1,yes,legacy checklist is bypassed for CPU by v9 nonblocking resolver
Karakas,カラカス,Land,normal,,0,karakas,exact,bounce|mana,0,1,battlefield,2,0,yes,yes,yes,mana-core,none,0,yes,
Mountain,山,Land,normal,,0,basic_land,exact,mana,0,1,battlefield,1,0,yes,yes,yes,mana-core,none,0,yes,
Mox Opal,オパールのモックス,Artifact,normal,0,0,mox_opal,exact,mana,0,1,battlefield,1,0,yes,yes,yes,mana-core,none,0,yes,
Stock Up,食糧補充,Sorcery,normal,2U,3,stock_up,exact,,0,1,battlefield,0,0,yes,yes,yes,none,none,2,yes,legacy checklist is bypassed for CPU by v9 nonblocking resolver
Cosmogoyf,コスモゴイフ,Creature,normal,BG,2,cosmogoyf,exact,exile,0,1,battlefield,0,0,yes,yes,yes,none,none,1,yes,legacy checklist is bypassed for CPU by v9 nonblocking resolver
Dismember,四肢切断,Instant,normal,1B/PB/P,3,pump,exact,life,1,1,battlefield,0,0,yes,yes,yes,none,none,3,yes,legacy checklist is bypassed for CPU by v9 nonblocking resolver
Endurance,忍耐,Creature,normal,1GG,3,endurance,exact,exile|flash,1,1,battlefield,0,1,yes,yes,yes,none,registered-bounded,3,yes,legacy checklist is bypassed for CPU by v9 nonblocking resolver
Pyroblast,紅蓮破,Instant,normal,R,1,color_hate,exact,destroy|counter,1,1,stack,0,0,yes,yes,yes,none,none,5,yes,legacy checklist is bypassed for CPU by v9 nonblocking resolver
Snuff Out,殺し,Instant,normal,3B,4,destroy_creature,exact,destroy|life,1,1,battlefield,0,0,yes,yes,yes,none,none,1,yes,legacy checklist is bypassed for CPU by v9 nonblocking resolver
Wasteland,不毛の大地,Land,normal,,0,land_destroy,exact,destroy|sacrifice|mana,0,1,battlefield,2,0,yes,yes,yes,mana-core,none,0,yes,
Ad Nauseam,むかつき,Instant,normal,3BB,5,ad_nauseam,exact,life|reveal,0,1,battlefield,0,0,yes,yes,yes,none,none,3,yes,legacy checklist is bypassed for CPU by v9 nonblocking resolver
Barrowgoyf,バロウゴイフ,Creature,normal,2B,3,barrowgoyf,exact,mill|damage|lifelink,0,1,battlefield,0,1,yes,yes,yes,none,registered-bounded,2,yes,legacy checklist is bypassed for CPU by v9 nonblocking resolver
Blast Zone,爆発域,Land,normal,,0,blast_zone,exact,destroy|sacrifice|mana,0,1,battlefield,3,0,yes,yes,yes,mana-core,none,1,yes,legacy checklist is bypassed for CPU by v9 nonblocking resolver
Blood Moon,血染めの月,Enchantment,normal,2R,3,blood_moon,bounded,,0,1,battlefield,0,0,yes,yes,yes,none,none,1,yes,rare interactions/continuous layers/hidden choices are conservatively approximated; legacy checklist is bypassed for CPU by v9 nonblocking resolver
Bojuka Bog,ボジューカの沼（ぬま）,Land,normal,,0,bojuka_bog,exact,exile|mana|tap,1,1,battlefield,1,0,yes,yes,yes,mana-core,none,1,yes,legacy checklist is bypassed for CPU by v9 nonblocking resolver
Brainstorm,渦まく知識,Instant,normal,U,1,brainstorm,exact,draw,0,1,battlefield,0,0,yes,yes,yes,none,none,2,yes,legacy checklist is bypassed for CPU by v9 nonblocking resolver
Chrome Mox,金属モックス,Artifact,normal,0,0,chrome_mox,exact,exile|mana,0,1,battlefield,1,1,yes,yes,yes,mana-core,registered-bounded,0,yes,
Death Wish,死せる願い,Sorcery,normal,1BB,3,wish,exact,exile|life,0,1,battlefield,0,0,yes,yes,yes,none,none,1,yes,legacy checklist is bypassed for CPU by v9 nonblocking resolver
Fatal Push,致命的な一押し,Instant,normal,B,1,destroy_creature,exact,destroy,1,1,battlefield,0,0,yes,yes,yes,none,none,3,yes,legacy checklist is bypassed for CPU by v9 nonblocking resolver
Flow State,没頭,Sorcery,normal,1U,2,flow_state,exact,,0,1,battlefield,0,0,yes,yes,yes,none,none,3,yes,legacy checklist is bypassed for CPU by v9 nonblocking resolver
Grindstone,丸砥石,Artifact,normal,1,1,grindstone,exact,mill,0,1,battlefield,1,0,yes,yes,yes,direct-v9,none,0,yes,
Hedge Maze,迷路庭園,Land,normal,,0,surveil_land,exact,surveil|tap,0,1,battlefield,0,1,yes,yes,yes,mana-core,registered-bounded,1,yes,legacy checklist is bypassed for CPU by v9 nonblocking resolver
Hydroblast,水流破,Instant,normal,U,1,color_hate,exact,destroy|counter,1,1,stack,0,0,yes,yes,yes,none,none,5,yes,legacy checklist is bypassed for CPU by v9 nonblocking resolver
Invigorate,激励,Instant,normal,2G,3,pump,exact,life,1,1,battlefield,0,0,yes,yes,yes,none,none,3,yes,legacy checklist is bypassed for CPU by v9 nonblocking resolver
Progenitus,大祖始,Creature,normal,WWUUBBRRGG,10,progenitus,bounded,reveal,0,1,battlefield,0,0,yes,yes,yes,none,none,2,yes,rare interactions/continuous layers/hidden choices are conservatively approximated; legacy checklist is bypassed for CPU by v9 nonblocking resolver
Skateboard,スケートボード,Artifact,normal,1,1,skateboard,exact,tap,0,1,battlefield,1,1,yes,yes,yes,registered-bounded,registered-bounded,0,yes,CPU uses registered ability metadata conservatively; not every strategic timing is exhaustive
Dark Depths,暗黒の深部,Land,normal,,0,dark_depths,bounded,destroy|sacrifice|token|indestructible|flying,0,1,battlefield,1,0,yes,yes,yes,registered-bounded,none,1,yes,rare interactions/continuous layers/hidden choices are conservatively approximated; CPU uses registered ability metadata conservatively; not every strategic timing is exhaustive; legacy checklist is bypassed for CPU by v9 nonblocking resolver
Dark Ritual,暗黒の儀式,Instant,normal,B,1,ritual,exact,mana,0,1,battlefield,0,0,yes,yes,yes,mana-core,none,1,yes,legacy checklist is bypassed for CPU by v9 nonblocking resolver
Dryad Arbor,ドライアドの東屋,Land|Creature,normal,,0,dryad_arbor,exact,mana,0,1,battlefield,1,0,yes,yes,yes,mana-core,none,0,yes,
Exploration,踏査,Enchantment,normal,G,1,exploration,exact,,0,1,battlefield,0,0,yes,yes,yes,none,none,1,yes,legacy checklist is bypassed for CPU by v9 nonblocking resolver
Gaea's Will,ガイアの意志,Sorcery,normal,,0,gaea_will,bounded,exile|suspend,0,1,battlefield,0,0,yes,yes,yes,none,none,3,yes,rare interactions/continuous layers/hidden choices are conservatively approximated; legacy checklist is bypassed for CPU by v9 nonblocking resolver
Krosan Grip,クローサの掌握,Instant,normal,2G,3,destroy,exact,destroy,1,1,battlefield,0,0,yes,yes,yes,none,none,2,yes,legacy checklist is bypassed for CPU by v9 nonblocking resolver
Lotus Petal,水蓮の花びら,Artifact,normal,0,0,lotus_petal,exact,sacrifice,0,1,battlefield,1,0,yes,yes,yes,mana-core,none,0,yes,
Maze of Ith,イス卿の迷路,Land,normal,,0,maze_of_ith,exact,damage|tap|untap,0,1,battlefield,1,0,yes,yes,yes,registered-bounded,none,0,yes,CPU uses registered ability metadata conservatively; not every strategic timing is exhaustive
Mox Diamond,モックス・ダイアモンド,Artifact,normal,0,0,mox_diamond,exact,discard,0,1,battlefield,1,0,yes,yes,yes,mana-core,none,1,yes,legacy checklist is bypassed for CPU by v9 nonblocking resolver
Omniscience,全知,Enchantment,normal,7UUU,10,omniscience,bounded,,0,1,battlefield,0,0,yes,yes,yes,none,none,1,yes,rare interactions/continuous layers/hidden choices are conservatively approximated; legacy checklist is bypassed for CPU by v9 nonblocking resolver
Pyrokinesis,紅蓮操作,Instant,normal,4RR,6,distribute_damage,exact,damage|exile,1,1,battlefield,0,0,yes,yes,yes,none,none,3,yes,legacy checklist is bypassed for CPU by v9 nonblocking resolver
Urza's Mine,ウルザの鉱山,Land,normal,,0,urza_land,exact,mana,0,1,battlefield,1,0,yes,yes,yes,mana-core,none,0,yes,
Urza's Saga,ウルザの物語,Land|Enchantment,saga,,0,urzas_saga,bounded,search|sacrifice|token|mana|tutor,0,1,battlefield,2,0,yes,yes,yes,mana-core,none,4,yes,rare interactions/continuous layers/hidden choices are conservatively approximated; legacy checklist is bypassed for CPU by v9 nonblocking resolver
Abrupt Decay,突然の衰微,Instant,normal,BG,2,destroy_nonland,exact,destroy|counter,1,1,battlefield,0,0,yes,yes,yes,none,none,0,yes,
Ancient Tomb,古えの墳墓,Land,normal,,0,ancient_tomb,exact,damage|mana,0,1,battlefield,1,0,yes,yes,yes,mana-core,none,0,yes,
Brain Freeze,思考停止,Instant,normal,1U,2,brain_freeze,exact,mill|copy|storm,1,1,battlefield,0,1,yes,yes,yes,none,registered-bounded,0,yes,
Cabal Ritual,陰謀団の儀式,Instant,normal,1B,2,cabal_ritual,exact,mana,0,1,battlefield,0,0,yes,yes,yes,mana-core,none,2,yes,legacy checklist is bypassed for CPU by v9 nonblocking resolver
Cunning Wish,狡猾な願い,Instant,normal,2U,3,wish,exact,exile|reveal,0,1,battlefield,0,0,yes,yes,yes,none,none,1,yes,legacy checklist is bypassed for CPU by v9 nonblocking resolver
Defense Grid,防御の光網,Artifact,normal,2,2,defense_grid,bounded,,0,1,battlefield,0,0,yes,yes,yes,none,none,1,yes,rare interactions/continuous layers/hidden choices are conservatively approximated; legacy checklist is bypassed for CPU by v9 nonblocking resolver
Flusterstorm,狼狽の嵐,Instant,normal,U,1,flusterstorm,exact,counter|copy|storm,1,1,stack,0,1,yes,yes,yes,none,registered-bounded,0,yes,
Haywire Mite,機能不全ダニ,Creature|Artifact,normal,1,1,haywire_mite,exact,exile|sacrifice|life,0,1,battlefield,1,1,yes,yes,yes,direct-v9,registered-bounded,0,yes,
Hullbreacher,船殻破り,Creature,normal,2U,3,hullbreacher,exact,draw|token|flash,0,1,battlefield,0,0,yes,yes,yes,mana-core,none,2,yes,legacy checklist is bypassed for CPU by v9 nonblocking resolver
Manifold Key,多用途の鍵,Artifact,normal,1,1,manifold_key,exact,tap|untap,0,1,battlefield,2,0,yes,yes,yes,registered-bounded,none,0,yes,CPU uses registered ability metadata conservatively; not every strategic timing is exhaustive
Mystic Forge,神秘の炉,Artifact,normal,4,4,mystic_forge,bounded,exile|life,0,1,battlefield,1,0,yes,yes,yes,direct-v9,none,2,yes,rare interactions/continuous layers/hidden choices are conservatively approximated; legacy checklist is bypassed for CPU by v9 nonblocking resolver
Planar Nexus,次元の結節点,Land,normal,,0,planar_nexus,exact,mana,0,1,battlefield,2,0,yes,yes,yes,mana-core,none,3,yes,legacy checklist is bypassed for CPU by v9 nonblocking resolver
Serum Powder,血清の粉末,Artifact,normal,3,3,serum_powder,exact,draw|exile|mana,0,1,battlefield,1,0,yes,yes,yes,mana-core,none,3,yes,legacy checklist is bypassed for CPU by v9 nonblocking resolver
Sneak Attack,騙し討ち,Enchantment,normal,3R,4,sneak_attack,bounded,sacrifice,0,1,battlefield,0,1,yes,yes,yes,direct-v9,direct-v9,0,yes,rare interactions/continuous layers/hidden choices are conservatively approximated
Spell Pierce,呪文貫き,Instant,normal,U,1,soft_counter,exact,counter,1,1,stack,0,0,yes,yes,yes,none,none,0,yes,
Tear Asunder,羅（ら）利（り）骨（こっ）灰（ぱい）,Instant,normal,1G,2,exile,exact,exile,0,1,battlefield,0,0,yes,yes,yes,none,none,1,yes,legacy checklist is bypassed for CPU by v9 nonblocking resolver
The One Ring,一つの指輪,Artifact,normal,4,4,one_ring,bounded,draw|destroy|life|indestructible,0,1,battlefield,1,2,yes,yes,yes,direct-v9,registered-bounded,0,yes,rare interactions/continuous layers/hidden choices are conservatively approximated
Thoughtseize,思考囲い,Sorcery,normal,B,1,hand_discard,exact,discard|life|reveal,1,1,battlefield,0,0,yes,yes,yes,none,none,3,yes,legacy checklist is bypassed for CPU by v9 nonblocking resolver
Toxic Deluge,毒の濁流,Sorcery,normal,2B,3,toxic_deluge,exact,life,0,1,battlefield,0,0,yes,yes,yes,none,none,2,yes,legacy checklist is bypassed for CPU by v9 nonblocking resolver
Urza's Tower,ウルザの塔,Land,normal,,0,urza_land,exact,mana,0,1,battlefield,1,0,yes,yes,yes,mana-core,none,0,yes,
Blazing Shoal,猛火の群れ,Instant,normal,XRR,2,blazing_shoal,exact,,1,1,battlefield,0,0,yes,yes,yes,none,none,2,yes,legacy checklist is bypassed for CPU by v9 nonblocking resolver
Chaos Defiler,ケイオス・ディファイラー,Creature|Artifact,normal,3BR,5,chaos_defiler,exact,destroy|trample,0,1,battlefield,0,1,yes,yes,yes,none,registered-bounded,1,yes,legacy checklist is bypassed for CPU by v9 nonblocking resolver
Crop Rotation,輪作,Instant,normal,G,1,crop_rotation,exact,search|sacrifice|tutor,0,1,battlefield,0,0,yes,yes,yes,none,none,2,yes,legacy checklist is bypassed for CPU by v9 nonblocking resolver
Cursed Mirror,呪われた鏡,Artifact,normal,2R,3,cursed_mirror,exact,mana|copy,0,1,battlefield,1,0,yes,yes,yes,mana-core,none,0,yes,
Echoing Truth,残響する真実,Instant,normal,1U,2,echoing_truth,exact,bounce,1,1,battlefield,0,0,yes,yes,yes,none,none,1,yes,legacy checklist is bypassed for CPU by v9 nonblocking resolver
Force of Will,意志の力,Instant,normal,3UU,5,hard_counter,exact,exile|counter|life,1,1,stack,0,0,yes,yes,yes,none,none,2,yes,legacy checklist is bypassed for CPU by v9 nonblocking resolver
Gemstone Mine,宝石鉱山,Land,normal,,0,gemstone_mine,exact,sacrifice|mana,0,1,battlefield,1,0,yes,yes,yes,mana-core,none,1,yes,legacy checklist is bypassed for CPU by v9 nonblocking resolver
Ghost Quarter,幽霊街,Land,normal,,0,ghost_quarter,exact,search|destroy|sacrifice|mana|tutor,0,1,battlefield,2,0,yes,yes,yes,mana-core,none,0,yes,
Goblin Welder,ゴブリンの溶接工,Creature,normal,R,1,goblin_welder,exact,sacrifice,0,1,battlefield,1,0,yes,yes,yes,registered-bounded,none,0,yes,CPU uses registered ability metadata conservatively; not every strategic timing is exhaustive
Great Furnace,大（だい）焼（しょう）炉（ろ）,Land|Artifact,normal,,0,artifact_land,exact,mana,0,1,battlefield,1,0,yes,yes,yes,mana-core,none,0,yes,
Grim Monolith,厳かなモノリス,Artifact,normal,2,2,grim_monolith,exact,mana|tap|untap,0,1,battlefield,2,0,yes,yes,yes,mana-core,none,1,yes,legacy checklist is bypassed for CPU by v9 nonblocking resolver
Melded Moxite,モーキサイト合（ごう）金（きん）,Artifact,normal,1R,2,melded_moxite,exact,draw|discard|sacrifice|token|tap,0,1,battlefield,1,0,yes,yes,yes,registered-bounded,none,0,yes,CPU uses registered ability metadata conservatively; not every strategic timing is exhaustive
Scalding Tarn,沸騰する小湖,Land,normal,,0,fetch_land,exact,search|sacrifice|life|tutor,0,1,battlefield,1,0,yes,yes,yes,registered-bounded,none,0,yes,CPU uses registered ability metadata conservatively; not every strategic timing is exhaustive
Show and Tell,実物提示教育,Sorcery,normal,2U,3,show_and_tell,bounded,,0,1,battlefield,0,0,yes,yes,yes,none,none,1,yes,rare interactions/continuous layers/hidden choices are conservatively approximated; legacy checklist is bypassed for CPU by v9 nonblocking resolver
Arena of Glory,栄光の闘技場,Land,normal,,0,arena_of_glory,bounded,mana|tap,0,1,battlefield,2,0,yes,yes,yes,mana-core,none,1,yes,rare interactions/continuous layers/hidden choices are conservatively approximated; legacy checklist is bypassed for CPU by v9 nonblocking resolver
Blooming Marsh,花盛りの湿地,Land,normal,,0,fast_land,exact,mana|tap,0,1,battlefield,1,0,yes,yes,yes,mana-core,none,1,yes,legacy checklist is bypassed for CPU by v9 nonblocking resolver
Chain of Vapor,蒸気の連鎖,Instant,normal,U,1,chain_of_vapor,exact,bounce|sacrifice|copy,0,1,battlefield,0,0,yes,yes,yes,none,none,3,yes,legacy checklist is bypassed for CPU by v9 nonblocking resolver
Expedition Map,探検の地図,Artifact,normal,1,1,expedition_map,exact,search|sacrifice|reveal|tutor,0,1,battlefield,1,0,yes,yes,yes,direct-v9,none,0,yes,
Flooded Strand,溢れかえる岸辺,Land,normal,,0,fetch_land,exact,search|sacrifice|life|tutor,0,1,battlefield,1,0,yes,yes,yes,registered-bounded,none,0,yes,CPU uses registered ability metadata conservatively; not every strategic timing is exhaustive
Force of Vigor,活性の力,Instant,normal,2GG,4,destroy_multi,exact,destroy|exile,1,2,battlefield,0,0,yes,yes,yes,none,none,1,yes,legacy checklist is bypassed for CPU by v9 nonblocking resolver
Heartfire Hero,心火の英雄,Creature,normal,R,1,heartfire_hero,exact,damage,0,1,battlefield,0,1,yes,yes,yes,none,registered-bounded,1,yes,legacy checklist is bypassed for CPU by v9 nonblocking resolver
Infernal Tutor,冥府の教示者,Sorcery,normal,1B,2,infernal_tutor,exact,search|reveal|tutor,0,1,battlefield,0,0,yes,yes,yes,none,none,5,yes,legacy checklist is bypassed for CPU by v9 nonblocking resolver
Lightning Bolt,稲妻,Instant,normal,R,1,damage,exact,damage,1,1,battlefield,0,0,yes,yes,yes,none,none,0,yes,
Pithing Needle,真髄の針,Artifact,normal,1,1,name_lock,exact,,0,1,battlefield,0,0,yes,yes,yes,none,none,2,yes,legacy checklist is bypassed for CPU by v9 nonblocking resolver
Polluted Delta,汚染された三角州,Land,normal,,0,fetch_land,exact,search|sacrifice|life|tutor,0,1,battlefield,1,0,yes,yes,yes,registered-bounded,none,0,yes,CPU uses registered ability metadata conservatively; not every strategic timing is exhaustive
Prismari Charm,プリズマリの魔除け,Instant,normal,UR,2,prismari_charm,exact,draw|surveil|damage|bounce,1,2,battlefield,0,0,yes,yes,yes,none,none,3,yes,legacy checklist is bypassed for CPU by v9 nonblocking resolver
Slaughter Pact,殺戮の契約,Instant,normal,0,0,destroy_creature,exact,destroy,1,1,battlefield,0,1,yes,yes,yes,none,registered-bounded,0,yes,
Tormod's Crypt,トーモッドの墓所,Artifact,normal,0,0,grave_exile_artifact,exact,exile|sacrifice,0,1,battlefield,1,0,yes,yes,yes,direct-v9,none,0,yes,
Ugin's Binding,ウギンの束縛,Instant,normal,2U,3,ugin_binding,bounded,exile|bounce,1,1,battlefield,0,0,yes,yes,yes,none,none,3,yes,rare interactions/continuous layers/hidden choices are conservatively approximated; legacy checklist is bypassed for CPU by v9 nonblocking resolver
Veil of Summer,夏の帳,Instant,normal,G,1,veil,exact,draw|counter|hexproof,0,1,battlefield,0,0,yes,yes,yes,none,none,1,yes,legacy checklist is bypassed for CPU by v9 nonblocking resolver
Cacophony Scamp,騒音の悪獣,Creature,normal,R,1,cacophony_scamp,exact,damage|sacrifice,0,1,battlefield,0,2,yes,yes,yes,none,registered-bounded,0,yes,
Cavern of Souls,魂の洞窟,Land,normal,,0,cavern_of_souls,bounded,counter|mana,0,1,battlefield,2,0,yes,yes,yes,mana-core,none,1,yes,rare interactions/continuous layers/hidden choices are conservatively approximated; legacy checklist is bypassed for CPU by v9 nonblocking resolver
Disruptor Flute,攪乱のフルート,Artifact,normal,2,2,disruptor_flute,exact,flash,0,1,battlefield,0,0,yes,yes,yes,none,none,4,yes,legacy checklist is bypassed for CPU by v9 nonblocking resolver
Goblin Engineer,ゴブリンの技師,Creature,normal,1R,2,goblin_engineer,exact,search|sacrifice|tutor,0,1,battlefield,1,1,yes,yes,yes,registered-bounded,registered-bounded,0,yes,CPU uses registered ability metadata conservatively; not every strategic timing is exhaustive
Legion Extruder,軍団の成形機械,Artifact,normal,1R,2,legion_extruder,exact,damage|sacrifice|token,0,1,battlefield,1,1,yes,yes,yes,registered-bounded,registered-bounded,0,yes,CPU uses registered ability metadata conservatively; not every strategic timing is exhaustive
Mishra's Bauble,ミシュラのガラクタ,Artifact,normal,0,0,mishras_bauble,exact,draw|sacrifice,0,1,battlefield,0,1,yes,yes,yes,direct-v9,direct-v9,0,yes,
Nihil Spellbomb,虚無の呪文爆弾,Artifact,normal,1,1,nihil_spellbomb,exact,draw|exile|sacrifice,0,1,battlefield,1,1,yes,yes,yes,direct-v9,registered-bounded,0,yes,
Quantum Riddler,量（りょう）子（し）の謎（なぞ）かけ屋（や）,Creature,normal,3UU,5,quantum_riddler,exact,draw|flying,0,1,battlefield,0,0,yes,yes,yes,none,none,3,yes,legacy checklist is bypassed for CPU by v9 nonblocking resolver
Stomping Ground,踏（ふ）み鳴（な）らされる地（ち）,Land,normal,,0,shock_land,exact,life|mana|tap,0,1,battlefield,1,0,yes,yes,yes,mana-core,none,1,yes,legacy checklist is bypassed for CPU by v9 nonblocking resolver
Summon: Bahamut,召喚：バハムート,Creature|Enchantment,saga,9,9,bahamut,bounded,draw|damage|destroy|flying,1,1,battlefield,0,0,yes,yes,yes,none,none,4,yes,rare interactions/continuous layers/hidden choices are conservatively approximated; legacy checklist is bypassed for CPU by v9 nonblocking resolver
Summoner's Pact,召喚士の契約,Instant,normal,0,0,tutor,exact,search|reveal|tutor,0,1,battlefield,0,1,yes,yes,yes,none,registered-bounded,1,yes,legacy checklist is bypassed for CPU by v9 nonblocking resolver
The Fantasticar,ファンタスティッカー,Artifact,normal,3,3,fantasticar,bounded,sacrifice|token|flying,0,1,battlefield,0,1,yes,yes,yes,none,registered-bounded,3,yes,rare interactions/continuous layers/hidden choices are conservatively approximated; legacy checklist is bypassed for CPU by v9 nonblocking resolver
The Stone Brain,石の脳,Artifact,normal,2,2,stone_brain,exact,draw|search|exile|tutor,0,1,battlefield,1,0,yes,yes,yes,registered-bounded,none,0,yes,CPU uses registered ability metadata conservatively; not every strategic timing is exhaustive
Tropical Island,Tropical Island,Land,normal,,0,dual_land,exact,mana,0,1,battlefield,1,0,yes,yes,yes,mana-core,none,0,yes,
Underground Sea,Underground Sea,Land,normal,,0,dual_land,exact,mana,0,1,battlefield,1,0,yes,yes,yes,mana-core,none,0,yes,
Volcanic Island,Volcanic Island,Land,normal,,0,dual_land,exact,mana,0,1,battlefield,1,0,yes,yes,yes,mana-core,none,0,yes,
Windswept Heath,吹きさらしの荒野,Land,normal,,0,fetch_land,exact,search|sacrifice|life|tutor,0,1,battlefield,1,0,yes,yes,yes,registered-bounded,none,0,yes,CPU uses registered ability metadata conservatively; not every strategic timing is exhaustive
City of Traitors,裏切り者の都,Land,normal,,0,city_of_traitors,bounded,sacrifice|mana,0,1,battlefield,1,0,yes,yes,yes,mana-core,none,1,yes,rare interactions/continuous layers/hidden choices are conservatively approximated; legacy checklist is bypassed for CPU by v9 nonblocking resolver
Copperline Gorge,銅線の地溝,Land,normal,,0,fast_land,exact,mana|tap,0,1,battlefield,1,0,yes,yes,yes,mana-core,none,1,yes,legacy checklist is bypassed for CPU by v9 nonblocking resolver
Ensnaring Bridge,罠の橋,Artifact,normal,3,3,ensnaring_bridge,bounded,,0,1,battlefield,0,0,yes,yes,yes,none,none,1,yes,rare interactions/continuous layers/hidden choices are conservatively approximated; legacy checklist is bypassed for CPU by v9 nonblocking resolver
Gemstone Caverns,宝石の洞窟,Land,normal,,0,gemstone_caverns,exact,exile|mana,0,1,battlefield,1,0,yes,yes,yes,mana-core,none,2,yes,legacy checklist is bypassed for CPU by v9 nonblocking resolver
Greater Gargadon,大いなるガルガドン,Creature,normal,9R,10,greater_gargadon,bounded,sacrifice|suspend,0,1,battlefield,1,0,yes,yes,yes,registered-bounded,none,1,yes,rare interactions/continuous layers/hidden choices are conservatively approximated; CPU uses registered ability metadata conservatively; not every strategic timing is exhaustive; legacy checklist is bypassed for CPU by v9 nonblocking resolver
Hexing Squelcher,呪詛の壊し屋,Creature,normal,1R,2,hexing_squelcher,exact,counter|life|ward,0,1,battlefield,0,0,yes,yes,yes,none,none,0,yes,
Lórien Revealed,ロリアンの発見,Sorcery,normal,3UU,5,draw,exact,draw|search|discard|reveal|tutor,0,1,battlefield,1,0,yes,yes,yes,registered-bounded,none,1,yes,CPU uses registered ability metadata conservatively; not every strategic timing is exhaustive; legacy checklist is bypassed for CPU by v9 nonblocking resolver
Misty Rainforest,霧深い雨林,Land,normal,,0,fetch_land,exact,search|sacrifice|life|tutor,0,1,battlefield,1,0,yes,yes,yes,registered-bounded,none,0,yes,CPU uses registered ability metadata conservatively; not every strategic timing is exhaustive
Mutagenic Growth,変異原性の成長,Instant,normal,G/P,1,pump,exact,life,1,1,battlefield,0,0,yes,yes,yes,none,none,3,yes,legacy checklist is bypassed for CPU by v9 nonblocking resolver
Pact of Negation,否定の契約,Instant,normal,0,0,hard_counter,exact,counter,1,1,stack,0,1,yes,yes,yes,none,registered-bounded,0,yes,
Petrified Hamlet,Petrified Hamlet,Land,normal,,0,petrified_hamlet,bounded,mana,0,1,battlefield,2,0,yes,yes,yes,mana-core,none,2,yes,rare interactions/continuous layers/hidden choices are conservatively approximated; legacy checklist is bypassed for CPU by v9 nonblocking resolver
Sublime Epiphany,崇高な天啓,Instant,normal,4UU,6,sublime_epiphany,bounded,draw|counter|bounce|token|copy,1,1,stack,0,0,yes,yes,yes,none,none,3,yes,rare interactions/continuous layers/hidden choices are conservatively approximated; legacy checklist is bypassed for CPU by v9 nonblocking resolver
Thespian's Stage,演劇の舞台,Land,normal,,0,thespians_stage,exact,mana|copy,0,1,battlefield,2,0,yes,yes,yes,mana-core,none,0,yes,
Thundering Falls,轟音の滝,Land,normal,,0,surveil_land,exact,surveil|tap,0,1,battlefield,0,1,yes,yes,yes,mana-core,registered-bounded,1,yes,legacy checklist is bypassed for CPU by v9 nonblocking resolver
Undercity Sewers,地底街の下水道,Land,normal,,0,surveil_land,exact,surveil|tap,0,1,battlefield,0,1,yes,yes,yes,mana-core,registered-bounded,1,yes,legacy checklist is bypassed for CPU by v9 nonblocking resolver
Walking Ballista,歩行バリスタ,Creature|Artifact,normal,XX,0,walking_ballista,exact,damage,1,1,battlefield,2,0,yes,yes,yes,direct-v9,none,1,yes,legacy checklist is bypassed for CPU by v9 nonblocking resolver
Wooded Foothills,樹木茂る山麓,Land,normal,,0,fetch_land,exact,search|sacrifice|life|tutor,0,1,battlefield,1,0,yes,yes,yes,registered-bounded,none,0,yes,CPU uses registered ability metadata conservatively; not every strategic timing is exhaustive
Bloodstained Mire,血染めのぬかるみ,Land,normal,,0,fetch_land,exact,search|sacrifice|life|tutor,0,1,battlefield,1,0,yes,yes,yes,registered-bounded,none,0,yes,CPU uses registered ability metadata conservatively; not every strategic timing is exhaustive
Brotherhood's End,兄弟仲の終焉,Sorcery,normal,1RR,3,brotherhoods_end,exact,damage|destroy,0,1,battlefield,0,0,yes,yes,yes,none,none,2,yes,legacy checklist is bypassed for CPU by v9 nonblocking resolver
Carpet of Flowers,花の絨毯,Enchantment,normal,G,1,carpet,exact,,1,1,battlefield,0,0,yes,yes,yes,mana-core,direct-v9,3,yes,legacy checklist is bypassed for CPU by v9 nonblocking resolver
Consign to Memory,記憶への放逐,Instant,normal,U,1,hard_counter,exact,counter|copy,1,1,stack,0,1,yes,yes,yes,none,registered-bounded,0,yes,
Darksteel Citadel,ダークスティールの城塞,Land|Artifact,normal,,0,artifact_land,exact,destroy|mana|indestructible,0,1,battlefield,1,0,yes,yes,yes,mana-core,none,0,yes,
Dauthi Voidwalker,ダウスィーの虚空歩き,Creature,normal,BB,2,dauthi_voidwalker,bounded,exile|sacrifice,0,1,battlefield,1,0,yes,yes,yes,registered-bounded,none,3,yes,rare interactions/continuous layers/hidden choices are conservatively approximated; CPU uses registered ability metadata conservatively; not every strategic timing is exhaustive; legacy checklist is bypassed for CPU by v9 nonblocking resolver
Force of Negation,否定の力,Instant,normal,1UU,3,hard_counter,exact,exile|counter,1,1,stack,0,0,yes,yes,yes,none,none,3,yes,legacy checklist is bypassed for CPU by v9 nonblocking resolver
Grafdigger's Cage,墓掘りの檻,Artifact,normal,1,1,grafdiggers_cage,bounded,,0,1,battlefield,0,0,yes,yes,yes,none,none,2,yes,rare interactions/continuous layers/hidden choices are conservatively approximated; legacy checklist is bypassed for CPU by v9 nonblocking resolver
Kozilek's Command,コジレックの命令,Instant|Kindred,normal,XCC,2,kozileks_command,exact,draw|scry|exile|sacrifice|token|mana,1,1,battlefield,1,0,yes,yes,yes,mana-core,none,2,yes,legacy checklist is bypassed for CPU by v9 nonblocking resolver
Legion Leadership,軍団の統率 // 軍団の要塞,Instant,modal_dfc,1R/W,2,legion_leadership,exact,mana|tap,1,1,battlefield,2,0,yes,yes,yes,mana-core,none,4,yes,legacy checklist is bypassed for CPU by v9 nonblocking resolver
Malevolent Rumble,邪悪鳴らし,Sorcery,normal,1G,2,malevolent_rumble,exact,sacrifice|token|mana|reveal,0,1,battlefield,0,0,yes,yes,yes,mana-core,none,5,yes,legacy checklist is bypassed for CPU by v9 nonblocking resolver
Mycosynth Lattice,マイコシンスの格子,Artifact,normal,6,6,mycosynth_lattice,bounded,,0,1,battlefield,0,0,yes,yes,yes,none,none,3,yes,rare interactions/continuous layers/hidden choices are conservatively approximated; legacy checklist is bypassed for CPU by v9 nonblocking resolver
Orcish Bowmasters,オークの弓使い,Creature,normal,1B,2,orcish_bowmasters,exact,draw|damage|flash,1,1,battlefield,0,1,yes,yes,yes,none,registered-bounded,1,yes,legacy checklist is bypassed for CPU by v9 nonblocking resolver
Painter's Servant,絵描きの召使い,Creature|Artifact,normal,2,2,painter_servant,bounded,,0,1,battlefield,0,0,yes,yes,yes,none,none,2,yes,rare interactions/continuous layers/hidden choices are conservatively approximated; legacy checklist is bypassed for CPU by v9 nonblocking resolver
Sheoldred's Edict,シェオルドレッドの勅令,Instant,normal,1B,2,sheoldreds_edict,exact,sacrifice|token,0,1,battlefield,0,0,yes,yes,yes,none,none,4,yes,legacy checklist is bypassed for CPU by v9 nonblocking resolver
Tendrils of Agony,苦悶の触手,Sorcery,normal,2BB,4,tendrils,exact,life|copy|storm,1,1,battlefield,0,1,yes,yes,yes,none,registered-bounded,0,yes,
Unlicensed Hearse,未認可霊柩車,Artifact,normal,2,2,unlicensed_hearse,exact,exile,0,1,battlefield,1,0,yes,yes,yes,registered-bounded,none,2,yes,CPU uses registered ability metadata conservatively; not every strategic timing is exhaustive; legacy checklist is bypassed for CPU by v9 nonblocking resolver
Verdant Catacombs,新緑の地下墓地,Land,normal,,0,fetch_land,exact,search|sacrifice|life|tutor,0,1,battlefield,1,0,yes,yes,yes,registered-bounded,none,0,yes,CPU uses registered ability metadata conservatively; not every strategic timing is exhaustive
Wishclaw Talisman,願い爪のタリスマン,Artifact,normal,1B,2,wishclaw,exact,search|tutor,0,1,battlefield,1,0,yes,yes,yes,direct-v9,none,1,yes,legacy checklist is bypassed for CPU by v9 nonblocking resolver
Auroral Procession,オーロラの行進,Instant,normal,GU,2,return_grave,exact,bounce,1,1,graveyard,0,0,yes,yes,yes,none,none,1,yes,legacy checklist is bypassed for CPU by v9 nonblocking resolver
Beseech the Mirror,鏡に願いを,Sorcery,normal,1BBB,4,beseech,bounded,search|exile|tutor,0,1,battlefield,0,0,yes,yes,yes,none,none,4,yes,rare interactions/continuous layers/hidden choices are conservatively approximated; legacy checklist is bypassed for CPU by v9 nonblocking resolver
Blackcleave Cliffs,黒割れの崖,Land,normal,,0,fast_land,exact,mana|tap,0,1,battlefield,1,0,yes,yes,yes,mana-core,none,1,yes,legacy checklist is bypassed for CPU by v9 nonblocking resolver
Bounty of the Hunt,狩りの報奨,Instant,normal,3GG,5,bounty,exact,exile|counter,1,1,battlefield,0,0,yes,yes,yes,none,none,1,yes,legacy checklist is bypassed for CPU by v9 nonblocking resolver
Breya's Apprentice,ブレイヤの見習い,Creature|Artifact,normal,2R,3,breya_apprentice,exact,exile|sacrifice|token|flying,1,1,battlefield,1,1,yes,yes,yes,registered-bounded,registered-bounded,2,yes,CPU uses registered ability metadata conservatively; not every strategic timing is exhaustive; legacy checklist is bypassed for CPU by v9 nonblocking resolver
Eldrazi Confluence,エルドラージの合流点,Instant,normal,2CC,4,eldrazi_confluence,exact,exile|sacrifice|token|mana|tap,1,1,battlefield,1,0,yes,yes,yes,mana-core,none,4,yes,legacy checklist is bypassed for CPU by v9 nonblocking resolver
Glaring Fleshraker,まばゆい肉掻き,Creature,normal,2C,3,glaring_fleshraker,exact,damage|sacrifice|token|mana,0,1,battlefield,1,1,yes,yes,yes,mana-core,registered-bounded,0,yes,
Life from the Loam,壌土からの生命,Sorcery,normal,1G,2,return_lands,exact,draw|mill|bounce,1,3,graveyard,0,0,yes,yes,yes,none,none,4,yes,legacy checklist is bypassed for CPU by v9 nonblocking resolver
Lion's Eye Diamond,ライオンの瞳のダイアモンド,Artifact,normal,0,0,lion_eye_diamond,exact,discard|sacrifice,0,1,battlefield,1,0,yes,yes,yes,mana-core,none,0,yes,
Phyrexian Devourer,Phyrexian Devourer,Creature|Artifact,normal,6,6,phyrexian_devourer,bounded,exile|counter|sacrifice,0,1,battlefield,1,0,yes,yes,yes,registered-bounded,none,1,yes,rare interactions/continuous layers/hidden choices are conservatively approximated; CPU uses registered ability metadata conservatively; not every strategic timing is exhaustive; legacy checklist is bypassed for CPU by v9 nonblocking resolver
Redirect Lightning,雷逸らし,Instant,normal,R,1,redirect,exact,life,1,1,stack,0,0,yes,yes,yes,none,none,2,yes,legacy checklist is bypassed for CPU by v9 nonblocking resolver
Soul-Guide Lantern,魂（たま）標（しるべ）ランタン,Artifact,normal,1,1,soul_guide_lantern,exact,draw|exile|sacrifice,0,1,battlefield,2,0,yes,yes,yes,direct-v9,none,0,yes,
The Filigree Sylex,金線の酒杯,Artifact,normal,2,2,filigree_sylex,exact,damage|destroy|sacrifice,0,1,battlefield,3,0,yes,yes,yes,registered-bounded,none,0,yes,CPU uses registered ability metadata conservatively; not every strategic timing is exhaustive
Urza's Power Plant,ウルザの魔力炉,Land,normal,,0,urza_land,exact,mana,0,1,battlefield,1,0,yes,yes,yes,mana-core,none,0,yes,
Chalice of the Void,虚空の杯,Artifact,normal,XX,0,chalice,exact,counter,0,1,battlefield,0,0,yes,yes,yes,none,none,1,yes,legacy checklist is bypassed for CPU by v9 nonblocking resolver
Devourer of Destiny,運命を貪るもの,Creature,normal,5CC,7,devourer_destiny,exact,exile|reveal,0,1,battlefield,0,2,yes,yes,yes,none,registered-bounded,0,yes,
Elvish Spirit Guide,エルフの指導霊,Creature,normal,2G,3,spirit_guide,exact,exile|mana,0,1,battlefield,1,0,yes,yes,yes,mana-core,none,0,yes,
Leyline of Sanctity,神聖の力線,Enchantment,normal,2WW,4,leyline_sanctity,exact,hexproof,0,1,battlefield,0,0,yes,yes,yes,none,none,1,yes,legacy checklist is bypassed for CPU by v9 nonblocking resolver
Red Elemental Blast,赤霊破,Instant,normal,R,1,color_hate,exact,destroy|counter,0,1,battlefield,0,0,yes,yes,yes,none,none,1,yes,legacy checklist is bypassed for CPU by v9 nonblocking resolver
Sewer-veillance Cam,監視亀ラ,Artifact,normal,U,1,sewer_cam,exact,draw|sacrifice|tap|untap|flash,1,1,battlefield,1,1,yes,yes,yes,registered-bounded,registered-bounded,1,yes,CPU uses registered ability metadata conservatively; not every strategic timing is exhaustive; legacy checklist is bypassed for CPU by v9 nonblocking resolver
Simian Spirit Guide,猿人の指導霊,Creature,normal,2R,3,spirit_guide,exact,exile|mana,0,1,battlefield,1,0,yes,yes,yes,mana-core,none,0,yes,
Spoils of the Vault,大霊堂の戦利品,Instant,normal,B,1,spoils,exact,exile|life|reveal,0,1,battlefield,0,0,yes,yes,yes,none,none,4,yes,legacy checklist is bypassed for CPU by v9 nonblocking resolver
Steel Wrecking Ball,破壊の鉄球,Artifact,normal,5,5,steel_wrecking_ball,exact,damage|destroy|discard,1,1,battlefield,1,1,yes,yes,yes,registered-bounded,registered-bounded,0,yes,CPU uses registered ability metadata conservatively; not every strategic timing is exhaustive
Surgical Extraction,外科的摘出,Instant,normal,B/P,1,surgical,exact,search|exile|life|tutor,1,1,graveyard,0,0,yes,yes,yes,none,none,4,yes,legacy checklist is bypassed for CPU by v9 nonblocking resolver
Thundertrap Trainer,稲妻罠の教練者,Creature,normal,1U,2,thundertrap_trainer,exact,reveal,0,1,battlefield,0,1,yes,yes,yes,none,registered-bounded,1,yes,legacy checklist is bypassed for CPU by v9 nonblocking resolver
"Boseiju, Who Endures",耐え抜くもの、母聖樹,Land,normal,,0,boseiju,exact,search|destroy|discard|mana|tutor,0,1,battlefield,2,0,yes,yes,yes,mana-core,none,0,yes,
Firemind's Foresight,火想者の予見,Instant,normal,5UR,7,fireminds_foresight,exact,search|reveal|tutor,0,1,battlefield,0,0,yes,yes,yes,none,none,2,yes,legacy checklist is bypassed for CPU by v9 nonblocking resolver
Invasion Submersible,侵略の潜水艇,Artifact,normal,2U,3,invasion_submersible,exact,bounce|tap,0,1,battlefield,1,1,yes,yes,yes,registered-bounded,registered-bounded,0,yes,CPU uses registered ability metadata conservatively; not every strategic timing is exhaustive
Leyline of Resonance,残響の力線,Enchantment,normal,2RR,4,leyline_resonance,bounded,copy,0,1,battlefield,0,0,yes,yes,yes,none,none,4,yes,rare interactions/continuous layers/hidden choices are conservatively approximated; legacy checklist is bypassed for CPU by v9 nonblocking resolver
Plunge into Darkness,暗黒への突入,Instant,normal,1B,2,plunge,bounded,sacrifice|life,0,1,battlefield,0,0,yes,yes,yes,none,none,7,yes,rare interactions/continuous layers/hidden choices are conservatively approximated; legacy checklist is bypassed for CPU by v9 nonblocking resolver
Sphere of Resistance,抵抗の宝球,Artifact,normal,2,2,sphere,bounded,,0,1,battlefield,0,0,yes,yes,yes,none,none,1,yes,rare interactions/continuous layers/hidden choices are conservatively approximated; legacy checklist is bypassed for CPU by v9 nonblocking resolver
Swords to Plowshares,剣を鍬に,Instant,normal,W,1,swords,exact,exile|life,1,1,battlefield,0,0,yes,yes,yes,none,none,1,yes,legacy checklist is bypassed for CPU by v9 nonblocking resolver
Tishana's Tidebinder,ティシャーナの潮縛り,Creature,normal,2U,3,tishana,exact,counter|flash,0,1,battlefield,0,1,yes,yes,yes,none,registered-bounded,1,yes,legacy checklist is bypassed for CPU by v9 nonblocking resolver
Untimely Malfunction,間の悪い故障,Instant,normal,1R,2,untimely_malfunction,exact,destroy,1,1,stack,0,0,yes,yes,yes,none,none,3,yes,legacy checklist is bypassed for CPU by v9 nonblocking resolver
"Atraxa, Grand Unifier",偉大なる統一者、アトラクサ,Creature,normal,3GWUB,7,atraxa,exact,reveal|flying|lifelink|vigilance,0,1,battlefield,0,1,yes,yes,yes,none,registered-bounded,1,yes,legacy checklist is bypassed for CPU by v9 nonblocking resolver
Debt to the Deathless,死せざる者への債務,Sorcery,normal,XWWBB,4,debt,exact,life,0,1,battlefield,0,0,yes,yes,yes,none,none,2,yes,legacy checklist is bypassed for CPU by v9 nonblocking resolver
Engineered Explosives,仕組まれた爆薬,Artifact,normal,X,0,engineered_explosives,exact,destroy|sacrifice,0,1,battlefield,1,0,yes,yes,yes,registered-bounded,none,1,yes,CPU uses registered ability metadata conservatively; not every strategic timing is exhaustive; legacy checklist is bypassed for CPU by v9 nonblocking resolver
Agatha's Soul Cauldron,アガサの魂の大釜,Artifact,normal,2,2,soul_cauldron,bounded,exile,1,1,battlefield,1,0,yes,yes,yes,registered-bounded,none,2,yes,rare interactions/continuous layers/hidden choices are conservatively approximated; CPU uses registered ability metadata conservatively; not every strategic timing is exhaustive; legacy checklist is bypassed for CPU by v9 nonblocking resolver
Inquisition of Kozilek,コジレックの審問,Sorcery,normal,B,1,hand_discard,exact,discard|reveal,1,1,battlefield,0,0,yes,yes,yes,none,none,3,yes,legacy checklist is bypassed for CPU by v9 nonblocking resolver
"Iona, Shield of Emeria",エメリアの盾、イオナ,Creature,normal,6WWW,9,iona,exact,flying,0,1,battlefield,0,0,yes,yes,yes,none,none,3,yes,legacy checklist is bypassed for CPU by v9 nonblocking resolver
Chancellor of the Dross,ドロスの大長,Creature,normal,4BBB,7,chancellor_dross,exact,life|reveal|flying|lifelink,0,1,battlefield,0,1,yes,yes,yes,none,direct-v9,1,yes,legacy checklist is bypassed for CPU by v9 nonblocking resolver
Chancellor of the Forge,溶鉱炉の大長,Creature,normal,4RRR,7,chancellor_forge,exact,token|reveal,0,1,battlefield,0,2,yes,yes,yes,none,direct-v9,0,yes,
"Emrakul, the Aeons Torn",引き裂かれし永劫、エムラクール,Creature,normal,15,15,emrakul,bounded,counter|flying,0,1,battlefield,0,2,yes,yes,yes,none,registered-bounded,1,yes,rare interactions/continuous layers/hidden choices are conservatively approximated; legacy checklist is bypassed for CPU by v9 nonblocking resolver
"Karn, the Great Creator",大いなる創造者、カーン,Planeswalker,normal,4,4,karn,bounded,exile|reveal,1,1,battlefield,2,0,yes,yes,yes,registered-bounded,none,1,yes,rare interactions/continuous layers/hidden choices are conservatively approximated; CPU uses registered ability metadata conservatively; not every strategic timing is exhaustive; legacy checklist is bypassed for CPU by v9 nonblocking resolver
Phyrexian Dragon Engine,Phyrexian Dragon Engine,Creature|Artifact,meld,3,3,dragon_engine,exact,draw|discard|doubleStrike,0,1,battlefield,0,0,yes,yes,yes,none,none,3,yes,legacy checklist is bypassed for CPU by v9 nonblocking resolver
"Quicksilver, Brash Blur",奔放なる閃影、クイックシルバー,Creature,normal,R,1,quicksilver,exact,doubleStrike,0,1,battlefield,1,0,yes,yes,yes,registered-bounded,none,2,yes,CPU uses registered ability metadata conservatively; not every strategic timing is exhaustive; legacy checklist is bypassed for CPU by v9 nonblocking resolver
"Tezzeret, Cruel Captain",冷（れい）酷（こく）な船（せん）長（ちょう）、テゼレット,Planeswalker,normal,3,3,tezzeret,bounded,search|counter|tap|untap|reveal|tutor,0,1,battlefield,3,0,yes,yes,yes,registered-bounded,none,1,yes,rare interactions/continuous layers/hidden choices are conservatively approximated; CPU uses registered ability metadata conservatively; not every strategic timing is exhaustive; legacy checklist is bypassed for CPU by v9 nonblocking resolver
"Ugin, Eye of the Storms","Ugin, Eye of the Storms",Planeswalker,normal,7,7,ugin,bounded,draw|search|exile|life|mana|tutor,1,1,stack,3,1,yes,yes,yes,mana-core,registered-bounded,0,yes,rare interactions/continuous layers/hidden choices are conservatively approximated
"Wilson, Refined Grizzly",上品な灰色熊、ウィルソン,Creature,normal,1G,2,wilson,exact,counter|ward|trample|vigilance,0,1,battlefield,0,0,yes,yes,yes,none,none,1,yes,legacy checklist is bypassed for CPU by v9 nonblocking resolver
Chancellor of the Tangle,絡み森の大長,Creature,normal,4GGG,7,chancellor_tangle,exact,mana|reveal|vigilance,0,1,battlefield,0,0,yes,yes,yes,mana-core,direct-v9,3,yes,legacy checklist is bypassed for CPU by v9 nonblocking resolver
Legolas's Quick Reflexes,Legolas's Quick Reflexes,Instant,normal,G,1,legolas_reflexes,exact,damage|tap|untap|hexproof,1,1,battlefield,0,0,yes,yes,yes,none,none,1,yes,legacy checklist is bypassed for CPU by v9 nonblocking resolver
"Sorin, Imperious Bloodlord",傲慢な血王、ソリン,Planeswalker,normal,2B,3,sorin,bounded,damage|sacrifice|life|lifelink,0,1,battlefield,3,0,yes,yes,yes,registered-bounded,none,0,yes,rare interactions/continuous layers/hidden choices are conservatively approximated; CPU uses registered ability metadata conservatively; not every strategic timing is exhaustive
"Yavimaya, Cradle of Growth",成長の揺り篭、ヤヴィマヤ,Land,normal,,0,yavimaya,bounded,,0,1,battlefield,0,0,yes,yes,yes,mana-core,none,1,yes,rare interactions/continuous layers/hidden choices are conservatively approximated; legacy checklist is bypassed for CPU by v9 nonblocking resolver
"Tamiyo, Inquisitive Student",知りたがりの学徒、タミヨウ,Creature,transform,U,1,tamiyo,bounded,draw|exile|bounce|sacrifice|token|mana|transform|flying,0,1,battlefield,2,3,yes,yes,yes,mana-core,registered-bounded,1,yes,rare interactions/continuous layers/hidden choices are conservatively approximated; legacy checklist is bypassed for CPU by v9 nonblocking resolver
Silundi Vision // Silundi Isle,シルンディの幻視 // シルンディの島嶼,Instant,modal_dfc,2U,3,look_select,exact,mana|tap|reveal,0,1,battlefield,2,0,yes,yes,yes,mana-core,none,8,yes,legacy checklist is bypassed for CPU by v9 nonblocking resolver
The Tabernacle at Pendrell Vale,The Tabernacle at Pendrell Vale,Land,normal,,0,tabernacle,bounded,destroy,0,1,battlefield,0,0,yes,yes,yes,none,direct-v9,1,yes,rare interactions/continuous layers/hidden choices are conservatively approximated; legacy checklist is bypassed for CPU by v9 nonblocking resolver
Walk-In Closet // Forgotten Cellar,収納室 // 忘れられた地下室,Enchantment,split,2G,8,walkin_closet,bounded,exile,0,1,battlefield,0,0,yes,yes,yes,none,none,10,yes,rare interactions/continuous layers/hidden choices are conservatively approximated; legacy checklist is bypassed for CPU by v9 nonblocking resolver
Sink into Stupor // Soporific Springs,朦朧への没入 // 催眠の泉,Instant,modal_dfc,1UU,3,bounce_spell,exact,bounce|life|mana|tap,1,1,stack,2,0,yes,yes,yes,mana-core,none,5,yes,legacy checklist is bypassed for CPU by v9 nonblocking resolver
Darkbore Pathway // Slitherbore Pathway,闇孔の小道 // 蛇孔の小道,Land,modal_dfc,,0,pathway_land,exact,mana,0,1,battlefield,4,0,yes,yes,yes,mana-core,none,2,yes,legacy checklist is bypassed for CPU by v9 nonblocking resolver
Waterlogged Teachings // Inundated Archive,水浸しの教え // 冠水した書庫,Instant,modal_dfc,3U/B,4,tutor,exact,search|mana|tap|reveal|flash|tutor,0,1,battlefield,2,0,yes,yes,yes,mana-core,none,6,yes,legacy checklist is bypassed for CPU by v9 nonblocking resolver
Fable of the Mirror-Breaker // Reflection of Kiki-Jiki,鏡割りの寓話 // キキジキの鏡像,Enchantment,transform,2R,3,fable,bounded,draw|exile|discard|sacrifice|token|mana|copy|transform,1,1,battlefield,0,2,yes,yes,yes,none,registered-bounded,5,yes,rare interactions/continuous layers/hidden choices are conservatively approximated; legacy checklist is bypassed for CPU by v9 nonblocking resolver
"Galactus, Devourer of Worlds",世界を喰らうもの、ギャラクタス,Creature,normal,10,10,galactus,bounded,destroy|exile|life|indestructible|flying|trample,1,1,battlefield,0,1,yes,yes,yes,none,registered-bounded,4,yes,rare interactions/continuous layers/hidden choices are conservatively approximated; legacy checklist is bypassed for CPU by v9 nonblocking resolver
Mindbreak Trap,精神壊しの罠,Instant,normal,2UU,4,exile_spells,exact,exile,1,1,stack,0,0,yes,yes,yes,none,none,2,yes,legacy checklist is bypassed for CPU by v9 nonblocking resolver
